{"cameraMode":{"drawMode":0,"name":"Shaded","section":"Shading Mode"},"sceneLighting":false,"audioPlay":false,"sceneViewState":{"showFog":false,"showMaterialUpdate":false,"showSkybox":false,"showFlares":false,"showImageEffects":false,"showParticleSystems":false},"in2DMode":false,"pivot":{"x":-51.77493667602539,"y":-5.466398239135742,"z":14.953311920166016},"rotation":{"x":-0.0675683543086052,"y":-0.07534822821617127,"z":0.005102756433188915,"w":-0.9948908686637878},"size":23.33395767211914,"orthographic":false}