{"cameraMode":{"drawMode":0,"name":"Shaded","section":"Shading Mode"},"sceneLighting":false,"audioPlay":false,"sceneViewState":{"showFog":false,"showMaterialUpdate":false,"showSkybox":false,"showFlares":false,"showImageEffects":false,"showParticleSystems":false},"in2DMode":false,"pivot":{"x":5.741519927978516,"y":-3.5771937370300295,"z":12.550670623779297},"rotation":{"x":-0.061736878007650378,"y":0.03383902832865715,"z":-0.0021165639627724888,"w":-0.9975541830062866},"size":23.31842803955078,"orthographic":false}