{"cameraMode":{"drawMode":0,"name":"Shaded","section":"Shading Mode"},"sceneLighting":false,"audioPlay":false,"sceneViewState":{"showFog":false,"showMaterialUpdate":false,"showSkybox":false,"showFlares":false,"showImageEffects":false,"showParticleSystems":false},"in2DMode":false,"pivot":{"x":3.712610960006714,"y":0.244302436709404,"z":11.917447090148926},"rotation":{"x":0.023677391931414605,"y":0.030898407101631166,"z":0.0007260162965394557,"w":-0.9992700815200806},"size":0.7520879507064819,"orthographic":false}