{"cameraMode":{"drawMode":0,"name":"Shaded","section":"Shading Mode"},"sceneLighting":false,"audioPlay":false,"sceneViewState":{"showFog":false,"showMaterialUpdate":false,"showSkybox":false,"showFlares":false,"showImageEffects":false,"showParticleSystems":false},"in2DMode":false,"pivot":{"x":-45.4805908203125,"y":-9.517047882080079,"z":5.494757652282715},"rotation":{"x":0.11170501261949539,"y":0.28012365102767947,"z":0.032829780131578448,"w":-0.9529139995574951},"size":23.33338737487793,"orthographic":false}