{"cameraMode":{"drawMode":0,"name":"Shaded","section":"Shading Mode"},"sceneLighting":false,"audioPlay":false,"sceneViewState":{"showFog":false,"showMaterialUpdate":false,"showSkybox":false,"showFlares":false,"showImageEffects":false,"showParticleSystems":false},"in2DMode":false,"pivot":{"x":2.9065001010894777,"y":2.171999931335449,"z":0.14149999618530274},"rotation":{"x":-0.20942477881908418,"y":0.2729851305484772,"z":0.061014480888843539,"w":0.9369725584983826},"size":14.443052291870118,"orthographic":false}