{"cameraMode":{"drawMode":0,"name":"Shaded","section":"Shading Mode"},"sceneLighting":false,"audioPlay":false,"sceneViewState":{"showFog":false,"showMaterialUpdate":false,"showSkybox":false,"showFlares":false,"showImageEffects":false,"showParticleSystems":false},"in2DMode":false,"pivot":{"x":5.6772236824035648,"y":4.31071662902832,"z":1.4483230113983155},"rotation":{"x":-0.09015323221683502,"y":-0.0289700198918581,"z":0.0026047450955957176,"w":-0.9955390691757202},"size":3.0113561153411867,"orthographic":false}