{"cameraMode":{"drawMode":0,"name":"Shaded","section":"Shading Mode"},"sceneLighting":false,"audioPlay":false,"sceneViewState":{"showFog":false,"showMaterialUpdate":false,"showSkybox":false,"showFlares":false,"showImageEffects":false,"showParticleSystems":false},"in2DMode":false,"pivot":{"x":6.192509651184082,"y":1.5897889137268067,"z":8.859676361083985},"rotation":{"x":-0.11995696276426316,"y":-0.032163433730602267,"z":0.0038883001543581487,"w":-0.9922524690628052},"size":16.02349281311035,"orthographic":false}