{"cameraMode":{"drawMode":0,"name":"Shaded","section":"Shading Mode"},"sceneLighting":false,"audioPlay":false,"sceneViewState":{"showFog":false,"showMaterialUpdate":false,"showSkybox":false,"showFlares":false,"showImageEffects":false,"showParticleSystems":false},"in2DMode":false,"pivot":{"x":-28.534637451171876,"y":-0.8276523947715759,"z":4.403738975524902},"rotation":{"x":0.005687275901436806,"y":-0.029086610302329065,"z":-0.00017903806292451918,"w":-0.9995965361595154},"size":23.351205825805665,"orthographic":false}