{"cameraMode":{"drawMode":0,"name":"Shaded","section":"Shading Mode"},"sceneLighting":false,"audioPlay":false,"sceneViewState":{"showFog":false,"showMaterialUpdate":false,"showSkybox":false,"showFlares":false,"showImageEffects":false,"showParticleSystems":false},"in2DMode":false,"pivot":{"x":-15.321751594543457,"y":7.535537242889404,"z":-12.028043746948243},"rotation":{"x":0.11343031376600266,"y":0.2346314787864685,"z":-0.02757621929049492,"w":0.9650570154190064},"size":1.0159666538238526,"orthographic":false}