{"cameraMode":{"drawMode":0,"name":"Shaded","section":"Shading Mode"},"sceneLighting":false,"audioPlay":false,"sceneViewState":{"showFog":false,"showMaterialUpdate":false,"showSkybox":false,"showFlares":false,"showImageEffects":false,"showParticleSystems":false},"in2DMode":false,"pivot":{"x":-65.04840087890625,"y":-4.126302719116211,"z":15.73027229309082},"rotation":{"x":-0.11954285204410553,"y":0.08864548057317734,"z":-0.010746636427938939,"w":-0.9888457655906677},"size":23.33523941040039,"orthographic":false}