{"cameraMode":{"drawMode":0,"name":"Shaded","section":"Shading Mode"},"sceneLighting":false,"audioPlay":false,"sceneViewState":{"showFog":false,"showMaterialUpdate":false,"showSkybox":false,"showFlares":false,"showImageEffects":false,"showParticleSystems":false},"in2DMode":false,"pivot":{"x":3.3832530975341799,"y":7.76956844329834,"z":0.43426513671875},"rotation":{"x":0.07551752775907517,"y":-0.24569033086299897,"z":0.01920684054493904,"w":0.9662277102470398},"size":18.525598526000978,"orthographic":false}