{"cameraMode":{"drawMode":0,"name":"Shaded","section":"Shading Mode"},"sceneLighting":false,"audioPlay":false,"sceneViewState":{"showFog":false,"showMaterialUpdate":false,"showSkybox":false,"showFlares":false,"showImageEffects":false,"showParticleSystems":false},"in2DMode":false,"pivot":{"x":3.559239387512207,"y":3.8829851150512697,"z":14.415868759155274},"rotation":{"x":-0.03218131512403488,"y":0.4622943699359894,"z":-0.016800766810774804,"w":-0.8860137462615967},"size":2.8578834533691408,"orthographic":false}