{"cameraMode":{"drawMode":0,"name":"Shaded","section":"Shading Mode"},"sceneLighting":false,"audioPlay":false,"sceneViewState":{"showFog":false,"showMaterialUpdate":false,"showSkybox":false,"showFlares":false,"showImageEffects":false,"showParticleSystems":false},"in2DMode":false,"pivot":{"x":-48.76764678955078,"y":-4.177579879760742,"z":12.89716911315918},"rotation":{"x":0.06862989068031311,"y":0.015873806551098825,"z":0.0010752389207482339,"w":-0.997552216053009},"size":23.34971046447754,"orthographic":false}