{"cameraMode":{"drawMode":0,"name":"Shaded","section":"Shading Mode"},"sceneLighting":false,"audioPlay":false,"sceneViewState":{"showFog":false,"showMaterialUpdate":false,"showSkybox":false,"showFlares":false,"showImageEffects":false,"showParticleSystems":false},"in2DMode":false,"pivot":{"x":26.00421714782715,"y":7.63059663772583,"z":13.376910209655762},"rotation":{"x":0.03267187997698784,"y":0.027578730136156083,"z":0.0009018476703204215,"w":-0.9990875720977783},"size":23.328289031982423,"orthographic":false}