{"cameraMode":{"drawMode":0,"name":"Shaded","section":"Shading Mode"},"sceneLighting":false,"audioPlay":false,"sceneViewState":{"showFog":false,"showMaterialUpdate":false,"showSkybox":false,"showFlares":false,"showImageEffects":false,"showParticleSystems":false},"in2DMode":false,"pivot":{"x":-43.57398223876953,"y":-5.564552307128906,"z":12.479039192199707},"rotation":{"x":-0.01794344373047352,"y":0.1975754052400589,"z":-0.0036446689628064634,"w":-0.980156660079956},"size":23.349145889282228,"orthographic":false}