{"cameraMode":{"drawMode":0,"name":"Shaded","section":"Shading Mode"},"sceneLighting":false,"audioPlay":false,"sceneViewState":{"showFog":false,"showMaterialUpdate":false,"showSkybox":false,"showFlares":false,"showImageEffects":false,"showParticleSystems":false},"in2DMode":false,"pivot":{"x":-35.733333587646487,"y":-4.287862777709961,"z":16.110620498657228},"rotation":{"x":-0.07921521365642548,"y":0.28680381178855898,"z":-0.023815004155039789,"w":-0.9544406533241272},"size":22.0,"orthographic":false}