{"cameraMode":{"drawMode":0,"name":"Shaded","section":"Shading Mode"},"sceneLighting":false,"audioPlay":false,"sceneViewState":{"showFog":false,"showMaterialUpdate":false,"showSkybox":false,"showFlares":false,"showImageEffects":false,"showParticleSystems":false},"in2DMode":false,"pivot":{"x":-31.69417953491211,"y":-1.497178554534912,"z":7.105335235595703},"rotation":{"x":0.10741861164569855,"y":0.03520115464925766,"z":0.0037901506293565037,"w":-0.9936206340789795},"size":23.33851432800293,"orthographic":false}