{"cameraMode":{"drawMode":0,"name":"Shaded","section":"Shading Mode"},"sceneLighting":false,"audioPlay":false,"sceneViewState":{"showFog":false,"showMaterialUpdate":false,"showSkybox":false,"showFlares":false,"showImageEffects":false,"showParticleSystems":false},"in2DMode":false,"pivot":{"x":9.105698585510254,"y":5.516026973724365,"z":2.5522615909576418},"rotation":{"x":0.010234384797513485,"y":-0.7841651439666748,"z":0.012941204011440277,"w":0.6203581690788269},"size":1.3204238414764405,"orthographic":false}