{"cameraMode":{"drawMode":0,"name":"Shaded","section":"Shading Mode"},"sceneLighting":false,"audioPlay":false,"sceneViewState":{"showFog":false,"showMaterialUpdate":false,"showSkybox":false,"showFlares":false,"showImageEffects":false,"showParticleSystems":false},"in2DMode":false,"pivot":{"x":-3.617143154144287,"y":1.6585193872451783,"z":20.55561065673828},"rotation":{"x":0.03703044354915619,"y":0.09072593599557877,"z":0.0033609771635383369,"w":-0.995216429233551},"size":22.0,"orthographic":false}