{"cameraMode":{"drawMode":0,"name":"Shaded","section":"Shading Mode"},"sceneLighting":false,"audioPlay":false,"sceneViewState":{"showFog":false,"showMaterialUpdate":false,"showSkybox":false,"showFlares":false,"showImageEffects":false,"showParticleSystems":false},"in2DMode":false,"pivot":{"x":-77.21576690673828,"y":-1.361982822418213,"z":-9.125768661499024},"rotation":{"x":-0.046681374311447147,"y":-0.06946016103029251,"z":0.0032538860104978086,"w":-0.9965215921401978},"size":3.55206036567688,"orthographic":false}