{"cameraMode":{"drawMode":0,"name":"Shaded","section":"Shading Mode"},"sceneLighting":false,"audioPlay":false,"sceneViewState":{"showFog":false,"showMaterialUpdate":false,"showSkybox":false,"showFlares":false,"showImageEffects":false,"showParticleSystems":false},"in2DMode":false,"pivot":{"x":22.502880096435548,"y":-10.004372596740723,"z":7.021980285644531},"rotation":{"x":0.07046553492546082,"y":-0.0896577462553978,"z":0.006377780344337225,"w":0.9934939742088318},"size":23.34914779663086,"orthographic":false}